id;name;email;phone;address_line_1;address_line_2;city;country;postcode;company_logo;company_logo_content_type
1;mobile Fish;Ue?5Vy86)R{/0i`Y&/#!gL:~s>.m5Sd+UxU)+x$CsSbN*_5cK9GifG`6+d#4u83lV9SA;"NxUY%e}gc9n2kuG#q4CRnXX><_z1-5@`?ix%<Cj7wd:CWK"axm;+:'ko+!m-pm.Q/qQwmiqDulDI.m:X1;+HY*}4/AD<RkX]\2y%_P?P:*q_^+7s`E!/67Ie<73vXMp3*;004.836.1760;Producer;Implementation Electronics Officer;Elliottstad;Madagascar;web-readiness;../fake-data/blob/hipster.png;image/png
2;Namibia;\N%UVs8Ji;tl?U\yD|t@LVZSpU;_9K!`/+opR5AVxPD.)wWvi>5[z0_PE"GJKk]LfT,4gtUX,\7A]IKOu7R5I=SoBN/7V|()-a&N:+i;240.761.3595;Refined Rubber Chicken Table;Automotive;Wintheisermouth;Slovakia (Slovak Republic);access Intelligent;../fake-data/blob/hipster.png;image/png
3;Monitored Bahamian Dollar Investment Account;0Ca;kc$)O6d4KMlcEo2_MoeETMO~/<RQl%!9!S_,2$$G"\91j3Vlh$V-xQD4szCP2`G+Uwth.)|/ldiH9~&:@8|m=|S9$T)t^I!^TIjj_Db4'D1Inx\#,fzRpYLQ2_"m2-ohtXMQr$rAb%eN3`d.4b[J[P36p\(rnwi.$=SOQ=!2dgf3eEwe8t;&jR$r_W,AssS;673.452.5510;synthesizing Views e-enable;Credit Card Account National Awesome;South Alverashire;Ghana;scale interactive generating;../fake-data/blob/hipster.png;image/png
4;Specialist Home Loan Account;+lgvKW-6Pi,U$eT*94b$)Kog,&<3U4J]2xZN.c7`qe>0e&C>Q$}pYx=/(Dl^}"u63<>x}pZSK|pndIR9aH'bOYL.edhAi?v!yG@jfu?0J+I"-:jkh[yB3(qNX<jlq9b!%7WURmy(yf*a&d>OF,K'wgVO>T`D/#z2\4.`w5`HZ><Z.l`hah5Htzu(~p^x.eG`J07#^&%L>M);947-312-0081;monitor 1080p Checking Account;world-class Frozen IB;Isobelborough;Bermuda;envisioneer;../fake-data/blob/hipster.png;image/png
5;moratorium pixel withdrawal;;kt@nODH#bcqQW'TeFUlf[<I!EQ,_~Q$xxIov7YEFn!!|&^{}&>MFAy$b|qZ.~-m^m$46JlpaWXbA]nmjyf#s~(PS.NqVR>\O_OHi;787.752.7240 x57410;Intelligent Outdoors;Harbor Montana;Sydneyland;Ecuador;relationships override;../fake-data/blob/hipster.png;image/png
6;Brand;#OT^*=)/r"Dw[,S#gqRmaUKh+ekQW]Y"5U)5YpPZ:"(3Cg=)/UZSian%Dw9xN@[=s`k5g3(G4iCM<Y4l%<vW_ls$NDfR!IECr[.=Y\%rY092+`%?,IgT=75GCBWddcLPjwVGx.P-dn6D.+o|:]w&cIhyg?b?(NNj:AW>X\dSf%Es3^!^0,]r0>c(!mh!-X1s.]}XZe|=FwDa5?isjL}$*Mf&sVdgh;1-682-618-4821 x48853;Fresh granular Direct;Profit-focused;North Rebeca;Guatemala;ability Hat Iraq;../fake-data/blob/hipster.png;image/png
7;magenta Concrete;j&{*7W&Nb6lZi.|194kp(2@a-Db,9d[]+6"oNAh6=#Q.vSz:'jVA'='ntdfbHaGphl]S9yGPs;557-430-9292;Moroccan Dirham;capability zero tolerance Computers;Westonport;Iran;Home;../fake-data/blob/hipster.png;image/png
8;Investor Public-key;.J.z;3x|mS0EfRL[xA&D$X`zL-xI#du3b;Y9PL[8omMbI{8ei_R%g?aF`M,c%'>_n@|Bn7KqqK)4.Ih'Eyey*py~k#DA=/[Q8IFO|o%M-sK]t9>h2"4yla]`r7`J3=rN?b$BfS[tdqtq6md0(EsjPrAc`aZH*=D#zcZpt_ro;256.073.2278 x346;withdrawal Solomon Islands Licensed;Gloves Bedfordshire Argentine Peso;McLaughlinborough;Palau;Clothing;../fake-data/blob/hipster.png;image/png
9;open-source turn-key;/oY`f7v["kqC/jE?;}^g=p@t~mSM_[Fs2ucH$ZthK43{.5=3D0dg},pE;1-981-637-1295 x862;deposit;Designer Borders content-based;Botsfordshire;Tokelau;Human deposit;../fake-data/blob/hipster.png;image/png
10;even-keeled Saint Helena Pound;%%feFo}ZWk^]lU3iiv}e</:?!OXri66t&WM{&~@X~t%e9xJ{irM&uR];o,MVV.a=APs^66MoB7a{y>XS.IX<%p')x>p;E;w|XA2=[AcXw.+^Nb=(g}tB:lh\U*-sH?Xs(d.2*y(G-/plq0lQkRp<BQD;(680) 917-8665 x03196;Home Gloves Latvia;Ports Manager Fish;East Jeremyborough;China;world-class program alarm;../fake-data/blob/hipster.png;image/png
