id;login;first_name;last_name;email;hired;image;image_content_type;user_id
1;mobile Fish;Orval;Metz;]!&1Y+r6E?I_YbSv*nh;=,S0R*Wb[05(ZF,W$N9.W=g4/ePo{lMDfI|<i'BKp8v5pD_/h?i6[0"8n"l:E@EF_]3Fp9H3&t;,~T.}Ae*8;*4zKCHhxz1#DE+E``Fw;^:[.3;]>:e38Lg|1g;false;../fake-data/blob/hipster.png;image/png;1
2;seamless Metal deposit;Anabelle;Wisozk;,0qsu0Tl6(eLaI2Ht?5>qX:m[76iIQpGY)_"Q0H&VK3Yionu@8V;'$HimN`i"bQpiv-_B{(qr$p=#%S.sQ!dDx{<fu#3=YIzr}}/?.k+]v9-}A#Y\Vi].S+Iuk7P'R0)c]?ds%twzV9-DDBH&=$Omg2F]83:%nJs0}w+fv4$$v!IDfqvU6jX(vu;false;../fake-data/blob/hipster.png;image/png;2
3;Money Market Account;Leopold;Ledner;_?$b\gN2/fWd/Hn1rkV.bHnk5^bKay$UWaLJ"L-AdInm_M'\10c#WC#<{R]_#bQ?MN3C)3r@}LX;_2k#y_gKF./NS-h9!:OHn~dnW[55SnZ[X~<n.?+sdyw*ZUk:'v8n$Mt\e/z_S6q0`"^$QV!Yo-%9363XH[pP3iF%M.*%L0+,l:ueiZ&zJEFXnYH0mRU_vrzr,eI;true;../fake-data/blob/hipster.png;image/png;1
4;Gorgeous Frozen Pants;Darlene;Klocko;QB/t|"vl2-rTkH'j29_{pAg4]:!5M~Y6EV.6J=mu5`VT7l.uR;O\(n"0jvYF=a8A1@uH\.;~2E,k2i>{2GTEEGRoV"W]?kNoGK>QCWS6,D;]}m`-iY[`$~QyauA?1c_s5;l+01G#R1bM`~3w/|]gJ;true;../fake-data/blob/hipster.png;image/png;2
5;Canyon HDD;Marilou;Dach;Mr'J8Ut;}$>"M\eas)tr3Cb]jCtRqLQq}VVPe&S\\!ZBZC4@B+B!h(D1rA[AaNoi'Np^WW;407:69aXfIDg{u'^dg_n">)snr.}5Jhg7^;usX!NdVy{)]2zF.l:Q#dO*?e#>R3)UWT__l~;36;true;../fake-data/blob/hipster.png;image/png;2
6;access Intelligent;Markus;Fisher;Q%T9SN3qnQXA-HO(@LuK#(5R&eww{"GC:hP[.$acM|BUh0Di/=N{H`em2.[v[htIRlC!q[.,(g5j$Cp$%-{fr?/|LiStxfgXTUjygYz3+sZ?g$X)L{5As#9gx0qzF0&Nm?YV:[;true;../fake-data/blob/hipster.png;image/png;1
7;Regional;Destiney;Deckow;aOw;&_2M#a,yQ%qNIe@(dKB{?~R83X`U6Z/H0K'hFihS$<pKECh;(\.PdtF+'-*!+6DM3Qw&y:j\<9.J.~tCj2L-)*fi(vy6D`->+w1$OkOOMXi!+v~hBmkI'JI{qje+fn,Q7*u<`n-ALRYXl;false;../fake-data/blob/hipster.png;image/png;2
8;Chair Facilitator;Opal;Kirlin;:YRr6-+(#x`~v!w}_Jl7g?P87nsV&3u_;i^;.)G~RZ^;as'o<7dQ82.NK9EN9fg%UrVnA<q>wr%"Et[';V_83dy|Y,5@>AC{4LY2CsbbD^Zi9D)b/|na]ByFXI\pkdz]p<.;$[9XEHc;EW8&P9&2yk=0\X<aNVh4un^HH{=>uSpFi72cK>"nlb&q)l5oTG:FF<pl]&J5*R4;true;../fake-data/blob/hipster.png;image/png;1
9;Georgia;Jovan;Bayer;McsE+mN69$38U$^(05yO~=0mvF6->4`"z`@^>'c(dU(delL,.hNmZhQ5_/*S7Y2D)#?v}4yLGpIRehvq2-Hh=0*;false;../fake-data/blob/hipster.png;image/png;2
10;Louisiana Specialist Home Loan Account;Doug;Connelly;&R0PBn6~2m>Rbdpw[L#nj8tD9&twpyePG2|34)Qk3r:|)=X-/vD`~!vN^8k+mK&*yfB5hP,cX"!serx}CLNpD-yvTampV@q^*XGC#$l9]oT26*%=tQM6Dmynl9.Rk"6L#^J$L\rB!A{~MLk;{{'$VTeozo+IICPGab?fB`A.U$!u>j%{QyzjME13Srj.%u;6v]IJ;true;../fake-data/blob/hipster.png;image/png;1
